Restart device	Khởi động lại thiết bị
Contact DJI Support if issue persists	Liên hệ bộ phận hỗ trợ DJI nếu lỗi vẫn còn
Contact DJI Support if the issue persists	Liên hệ bộ phận hỗ trợ DJI nếu lỗi vẫn còn
Contact DJI Support if the problem persists	Liên hệ bộ phận hỗ trợ DJI nếu lỗi vẫn còn
Contact DJI Support for assistance	Liên hệ bộ phận hỗ trợ DJI
Contact DJI Support	Liên hệ bộ phận hỗ trợ DJI
Repairs required	Cần sửa chữa
Fly with caution	Bay thận trọng
Land aircraft immediately	Hạ cánh máy bay ngay lập tức
Land aircraft promptly	Hạ cánh máy bay sớm
Land promptly	Hạ cánh sớm
Land and restart aircraft	Hạ cánh rồi khởi động lại máy bay
Restart aircraft or contact DJI Support if the issue persists	Khởi động lại máy bay hoặc liên hệ bộ phận hỗ trợ DJI nếu lỗi vẫn còn
Restart aircraft or contact DJI Support if issue persists	Khởi động lại máy bay hoặc liên hệ bộ phận hỗ trợ DJI nếu lỗi vẫn còn
Calibrate IMU	Hiệu chuẩn IMU
Recalibrate IMU	Hiệu chuẩn lại IMU
Calibrate gimbal	Hiệu chuẩn gimbal
Calibrate	Hiệu chuẩn
Wait for temperature to return to normal	Chờ nhiệt độ trở lại bình thường
Change card	Thay thẻ
Change SD card	Thay thẻ SD
Replace battery	Thay pin
Reinstall battery	Lắp lại pin
Charge battery	Sạc pin
Warm up battery	Làm ấm pin
Update aircraft firmware	Cập nhật firmware máy bay
Aircraft in flight	Máy bay đang bay
Unable to take off	Không thể cất cánh
Unable to hover	Không thể giữ vị trí trên không
Aircraft in Attitude mode	Máy bay đang ở chế độ ATTI
Aircraft returning to home automatically	Máy bay đang tự quay về
Low battery	Pin yếu
Critical low battery	Pin yếu nghiêm trọng
Satellite positioning signal weak	Tín hiệu định vị vệ tinh yếu
Hovering unstable	Giữ vị trí trên không không ổn định
Aircraft stopped	Máy bay đã dừng
Impact detected	Phát hiện va đập
Aircraft processor overheated	Bộ xử lý máy bay quá nóng
Automatically returning to home	Đang tự quay về
Aircraft overheated	Máy bay quá nóng
Reducing power consumption and landing automatically	Đang giảm tiêu thụ điện và tự hạ cánh
Aircraft temperature high	Nhiệt độ máy bay cao
Video transmission quality will be reduced to help cool down aircraft	Chất lượng truyền hình ảnh sẽ giảm để giúp máy bay nguội
Image quality affected	Chất lượng hình ảnh bị ảnh hưởng
Auto calibration in progress...	Đang tự hiệu chuẩn...
Go to Profile > Settings to update	Mở Hồ sơ > Cài đặt để cập nhật
Online verification required	Cần xác minh trực tuyến
Return to home promptly	Quay về sớm
Return to home	Quay về
Return to home or land promptly	Quay về hoặc hạ cánh sớm
Aircraft returning to home	Máy bay đang quay về
Aircraft landing automatically	Máy bay đang tự hạ cánh
Aircraft arms folded	Các tay gập của máy bay đang gập
Unfold arms to take off	Mở các tay gập để cất cánh
Ensure the aircraft is level and restart it	Đảm bảo máy bay nằm ngang rồi khởi động lại
Ensure aircraft is level and restart it	Đảm bảo máy bay nằm ngang rồi khởi động lại
Ensure aircraft is level	Đảm bảo máy bay nằm ngang
Manually adjust flight route or return to home	Tự điều chỉnh đường bay hoặc cho máy bay quay về
Check ambient temperature	Kiểm tra nhiệt độ môi trường
Check motor	Kiểm tra động cơ
Charging battery required	Cần sạc pin
Move to an open area or exit flight tutorial	Di chuyển tới nơi thoáng hoặc thoát hướng dẫn bay
No satellite positioning signal	Không có tín hiệu định vị vệ tinh
Take off again within %ss	Cất cánh lại trong vòng %ss
Aircraft activation required	Cần kích hoạt máy bay
Power off aircraft and wait for temperature to return to normal	Tắt máy bay và chờ nhiệt độ trở lại bình thường
Device info expired	Thông tin thiết bị đã hết hạn
Unlock	Mở khóa
Return the aircraft to home manually	Tự điều khiển máy bay quay về
No satellite positioning	Chưa định vị vệ tinh
Auto RTH failed	Tự quay về (RTH) thất bại
Control stick response error	Lỗi phản hồi cần điều khiển
Calibrate remote controller	Hiệu chuẩn tay điều khiển
Recalibrate remote controller	Hiệu chuẩn lại tay điều khiển
Continue calibration	Tiếp tục hiệu chuẩn
Recharge promptly	Sạc lại sớm
Charge promptly	Sạc sớm
Land aircraft slowly with caution	Hạ cánh máy bay chậm và thận trọng
Link	Ghép nối
Back up files and format storage	Sao lưu tệp rồi định dạng bộ nhớ
Back up file and format aircraft storage	Sao lưu tệp rồi định dạng bộ nhớ máy bay
Back up file and format internal storage	Sao lưu tệp rồi định dạng bộ nhớ trong
Back up file and format SD card	Sao lưu tệp rồi định dạng thẻ SD
Land aircraft and replace battery promptly	Hạ cánh máy bay rồi thay pin sớm
Aircraft battery depleted	Pin máy bay đã cạn
Auto landing in progress	Đang tự hạ cánh
Current elevation above %s	Độ cao địa hình hiện tại trên %s
In flight	Đang bay
Flight Simulator running	Mô phỏng bay đang chạy
Restart aircraft to take off	Khởi động lại máy bay để cất cánh
Strong signal interference in current aircraft location	Nhiễu tín hiệu mạnh tại vị trí hiện tại của máy bay
High interference environment	Môi trường có nhiễu cao
Aircraft in high interference environment	Máy bay đang ở môi trường có nhiễu cao
Enhanced Transmission unavailable	Truyền tín hiệu tăng cường không khả dụng
Try again later	Thử lại sau
Keep aircraft steady	Giữ máy bay đứng yên
Go to Settings to calibrate gimbal	Mở Cài đặt để hiệu chuẩn gimbal
Possible gimbal attitude error	Tư thế gimbal có thể bị lỗi
Make sure gimbal can rotate freely	Đảm bảo gimbal có thể xoay tự do
Power off and restart after cooling down	Tắt nguồn rồi khởi động lại sau khi nguội
Check whether gimbal can rotate freely	Kiểm tra gimbal có thể xoay tự do không
Positioning accuracy affected	Độ chính xác định vị bị ảnh hưởng
Flight time decreased	Thời gian bay giảm
Aircraft braking distance increased and flight time decreased	Quãng đường phanh tăng và thời gian bay giảm
High altitude	Độ cao lớn
Current elevation above 3000 m (9842 ft)	Độ cao địa hình hiện tại trên 3000 m (9842 ft)
IMU calibration complete	Hiệu chuẩn IMU hoàn tất
Calibrating IMU	Đang hiệu chuẩn IMU
Aircraft in smart diagnostic mode	Máy bay đang ở chế độ chẩn đoán thông minh
Restart aircraft to exit mode	Khởi động lại máy bay để thoát chế độ
Aircraft in Authorization Zone	Máy bay đang ở khu vực cần cấp phép
Unable to take off before unlocking	Không thể cất cánh trước khi mở khóa
Aircraft in Restricted Zone	Máy bay đang ở khu vực hạn chế
Check map to find Recommended Zones	Xem bản đồ để tìm khu vực bay đề xuất
Remote controller battery level low	Pin tay điều khiển yếu
Remote controller control sticks off-centered	Cần điều khiển trên tay không ở vị trí giữa
Remote controller overheating	Tay điều khiển quá nóng
Remote controller overheated	Tay điều khiển quá nóng
Power off or wait until temperature returns to normal	Tắt nguồn hoặc chờ nhiệt độ trở lại bình thường
Powering off…	Đang tắt nguồn…
Remote controller calibration error	Lỗi hiệu chuẩn tay điều khiển
Remote controller temperature too low	Nhiệt độ tay điều khiển quá thấp
Remote controller battery level too low	Pin tay điều khiển quá yếu
Firmware update required	Cần cập nhật firmware
Go to Settings > About to update firmware	Mở Cài đặt > Thông tin để cập nhật firmware
Ensure sufficient balance and data allowance on RC SIM card	Đảm bảo SIM trên tay điều khiển còn đủ số dư và dung lượng dữ liệu
Remote controller on standby	Tay điều khiển đang chờ
Power off remote controller	Tắt tay điều khiển
